{
  "intercept": -0.9067112658829063,
  "coefficients": {
    "sg_approach": 0.7524860326183211,
    "sg_putting": 0.1297435048673192,
    "sg_off_tee": -0.12569618894055481,
    "sg_around_green": 1.7033281432493108,
    "prior_augusta_sg": 0.1947310322118466,
    "prior_appearances": 0.12166098943822905,
    "driving_dist_vs_avg": 0.03172826545916677,
    "long_approach_sg": 0.963338658458218
  },
  "model_alpha": 100.0,
  "cv_r2_mean": 0.14866333092043454,
  "cv_r2_std": 0.04950462844824812,
  "n_training_samples": 448,
  "training_seasons": [
    2021,
    2022,
    2023,
    2024,
    2025
  ],
  "features": [
    "sg_approach",
    "sg_putting",
    "sg_off_tee",
    "sg_around_green",
    "prior_augusta_sg",
    "prior_appearances",
    "driving_dist_vs_avg",
    "long_approach_sg"
  ]
}